{"bounds":{"east":110.63738822937,"north":24.0443515777588,"south":22.662992477417,"west":109.203672409058},"contentType":"quantizedmesh","latLonBounds":{"east":110.63738822937,"north":24.0443515777588,"south":22.662992477417,"west":109.203672409058},"maxzoom":14,"minzoom":0,"proj":4326,"tiletrans":"tms","type":"terrain","ziped":false}